1,1,383-54-9139,Karia,Revan,18/05/2022
2,2,624-80-9524,Peggie,Thorsen,01/06/2022
3,3,436-76-9211,Susy,Haward,04/03/2022
4,4,230-35-9849,Anne-corinne,Bazek,07/02/2023
5,5,515-20-3932,Olia,Goomes,07/09/2022
6,6,726-59-6156,Sherrie,Gullberg,20/07/2022
7,7,500-78-1950,Suzie,Swaine,17/04/2022
8,8,401-96-6022,Vivien,Docker,12/09/2022
9,9,109-09-8617,Sharl,Papaminas,17/08/2022
10,10,226-30-5190,Valerie,Edsell,08/07/2022
11,11,650-76-9950,Wren,Wharrier,06/07/2022
12,12,231-58-3440,Eyde,Tough,21/10/2022
13,13,521-86-9433,Nataline,Spinage,24/09/2022
14,14,591-47-8066,Maddie,Leddy,01/08/2022
15,15,631-13-2013,Vivien,Girardetti,05/07/2022
16,16,836-90-8339,Karol,Chubb,03/01/2023
17,17,359-74-2357,Garnette,Mertel,24/03/2022
18,18,499-46-8532,Natividad,Hobble,10/09/2022
19,19,656-52-6232,Babbette,Levine,07/04/2022
20,20,147-55-8514,Enriqueta,Fernely,18/04/2022
21,21,316-17-6179,Whitney,Varren,14/11/2022
22,22,375-54-6622,Nonie,Ranken,28/10/2022
23,23,385-28-1932,Cammi,Ledger,08/06/2022
24,24,850-63-9225,Halimeda,Cuckson,13/10/2022
25,25,422-47-3922,Merna,Milella,26/10/2022
26,26,474-60-3898,Rhetta,Causon,26/01/2023
27,27,868-28-1121,Kalina,Ribey,11/09/2022
28,28,751-15-2009,Hermine,Gaythorpe,08/03/2022
29,29,896-61-0976,Annabel,Izacenko,01/01/2023
30,30,602-25-9989,Vivyanne,Jeaycock,21/08/2022
31,31,245-55-9662,Henrie,Cheeld,16/09/2022
32,32,419-52-8191,Gisela,Corss,08/12/2022
33,33,779-36-3859,Jonell,Crosher,14/04/2022
34,34,659-32-8351,Joelie,Como,07/07/2022
35,35,623-71-8333,Reba,Dolle,27/09/2022
36,36,294-31-0991,Lorne,Craster,09/12/2022
37,37,348-34-9749,Benita,Minall,28/12/2022
38,38,861-86-6319,Alvera,Castellucci,10/12/2022
39,39,730-06-9069,Dorena,MacCarlich,01/10/2022
40,40,641-11-0926,Nona,Coatsworth,09/12/2022
41,41,729-79-6247,Sula,Heaviside,24/12/2022
42,42,347-59-1440,Darsey,Trinke,21/10/2022
43,43,771-57-2782,Rosalie,Couper,06/07/2022
44,44,454-15-0756,Giana,Kleinbaum,17/08/2022
45,45,663-43-5834,Aubree,Vlies,23/08/2022
46,46,785-04-7626,Anneliese,Wadly,12/08/2022
47,47,812-21-8714,Korry,Aspling,22/03/2022
48,48,506-08-1596,Rivalee,Fullager,07/04/2022
49,49,266-37-6846,Rici,Seaking,17/11/2022
50,50,229-92-6992,Vivyanne,Rollings,14/05/2022
51,51,499-60-0711,Asia,Boothe,30/11/2022
52,52,720-73-5052,Karly,Allcoat,11/06/2022
53,53,486-73-1537,Jolene,Lattey,31/01/2023
54,54,477-45-4371,Honor,Starie,28/03/2022
55,55,262-69-8416,Audi,Elland,13/04/2022
56,56,391-26-6604,Paulina,Kondratyuk,05/06/2022
57,57,309-64-8290,Darla,Morshead,22/08/2022
58,58,673-15-8730,Gianna,Heasly,29/05/2022
59,59,195-53-7397,Aridatha,Harbison,10/10/2022
60,60,791-08-1948,Cordula,Cavy,06/03/2022
61,61,503-93-5380,Audrie,Rubinsohn,08/01/2023
62,62,567-11-1522,Darrelle,Hatchman,12/04/2022
63,63,520-93-7922,Ella,Nan Carrow,26/12/2022
64,64,493-35-2239,Jeanna,Stadding,18/08/2022
65,65,110-35-4863,Talya,Dommerque,03/05/2022
66,66,173-39-2061,Allie,Stutte,28/08/2022
67,67,183-69-8651,Priscilla,Glavis,30/03/2022
68,68,811-67-1283,Bridie,Shawcross,09/05/2022
69,69,521-10-5092,Janelle,Sheach,27/08/2022
70,70,643-80-4858,Lucy,Shuttleworth,14/02/2023
71,71,896-74-3705,Bunny,Castille,16/01/2023
72,72,834-20-9286,Codi,Tamlett,30/07/2022
73,73,730-38-7403,Alfy,Brewin,30/01/2023
74,74,164-72-7468,Nixie,Calvert,28/12/2022
75,75,130-04-2570,Dael,Ainslee,06/05/2022
76,76,713-44-9859,Lyndel,Da Costa,29/08/2022
77,77,433-88-1465,Natty,Downton,09/07/2022
78,78,132-03-5248,Danika,Kerr,28/11/2022
79,79,423-71-6034,Lulu,Varlow,28/01/2023
80,80,112-67-3972,Fanya,Havelin,01/10/2022
81,81,109-14-8586,Gladys,Gai,19/11/2022
82,82,496-65-6790,Eleni,Comini,03/03/2022
83,83,481-93-1604,Giacinta,Buttle,21/12/2022
84,84,174-19-0013,Cori,Heymes,02/04/2022
85,85,652-20-5894,Layney,Farndon,24/05/2022
86,86,491-51-7789,Ki,Bakesef,23/11/2022
87,87,819-90-9311,Latrena,Ogus,08/11/2022
88,88,832-15-5611,Carlyn,Viggers,10/03/2022
89,89,875-01-7882,Lissy,Shawcross,24/06/2022
90,90,252-48-6371,Brenna,Jelly,05/02/2023
91,91,226-59-9848,Andie,Frankom,27/03/2022
92,92,289-51-6386,Ketti,Starrs,19/08/2022
93,93,255-86-9906,Lora,de Lloyd,02/09/2022
94,94,426-52-8278,Ralina,Whiteoak,03/12/2022
95,95,547-80-1471,Manon,Rampley,13/04/2022
96,96,250-38-0527,Philipa,Martinec,28/12/2022
97,97,165-18-6709,Adriena,Tax,13/07/2022
98,98,334-05-8035,Cornelia,Manwaring,05/10/2022
99,99,363-62-7465,Kristen,O'Skehan,17/12/2022
100,100,337-66-1405,Jennine,Pinsent,22/12/2022
101,101,573-75-7671,Loria,Overstone,13/11/2022
102,102,794-33-9710,Tonia,Heckle,22/04/2022
103,103,703-21-5459,Vina,Ramey,09/02/2023
104,104,415-72-2180,Carlin,Hrynczyk,26/11/2022
105,105,102-68-5078,Kerianne,Haselup,17/12/2022
106,106,248-67-6991,Jilly,McClinton,09/07/2022
107,107,350-05-0988,Brittni,Possell,29/10/2022
108,108,843-62-3775,Marley,Skeene,22/11/2022
109,109,253-81-9932,Annissa,Moseby,21/12/2022
110,110,736-65-2881,Laure,Folbige,24/03/2022
111,111,455-28-4731,Heath,Krelle,31/12/2022
112,112,750-82-3484,Mallissa,Winthrop,08/02/2023
113,113,588-67-2738,Dory,Barkus,20/07/2022
114,114,636-43-9430,Arlena,Addeycott,01/04/2022
115,115,441-04-6677,Piper,Vogelein,22/04/2022
116,116,269-70-2581,Nellie,Crispin,21/09/2022
117,117,611-94-9490,Linette,Devonport,27/02/2022
118,118,809-94-5466,Ofella,Pywell,16/09/2022
119,119,727-44-0928,Orsola,Shipway,13/10/2022
120,120,597-57-8430,Cal,Cullotey,15/01/2023
121,121,332-24-8680,Daryl,Tunnock,30/09/2022
122,122,894-89-1023,Rochell,Wapplington,26/08/2022
123,123,598-11-7518,Brandice,Mingaud,16/05/2022
124,124,583-91-3243,Sarajane,Kalinsky,13/11/2022
125,125,322-82-7843,Fredrika,Daines,09/01/2023
126,126,844-30-5370,Collette,Galloway,09/11/2022
127,127,403-85-9410,Andromache,Garmey,18/02/2023
128,128,895-25-4984,Ardra,Steptoe,11/04/2022
129,129,663-11-2848,Jo-anne,Simco,14/11/2022
130,130,685-49-3915,Gilbertine,Eyes,24/09/2022
131,131,863-85-5301,Didi,Yglesia,15/10/2022
132,132,674-99-1637,Nellie,Potebury,24/11/2022
133,133,806-87-1060,Dinah,Menary,23/08/2022
134,134,618-42-5457,Ranice,Fauguel,13/02/2023
135,135,122-33-5927,Jacquelin,Lidgard,28/12/2022
136,136,155-71-1196,Melba,Lampl,18/07/2022
137,137,869-59-6519,Alidia,Rosentholer,04/11/2022
138,138,567-27-3637,Virgie,Pariso,19/10/2022
139,139,867-70-7957,Jasmin,Handman,07/01/2023
140,140,677-11-5247,Sadye,Seekings,30/09/2022
141,141,899-93-4744,Abra,Passo,29/05/2022
142,142,319-69-5828,Cathrine,Coste,28/04/2022
143,143,891-28-3654,Lilyan,Cawston,27/05/2022
144,144,828-24-8402,Calli,Murtell,28/02/2022
145,145,468-15-9729,Aeriela,Haresnape,14/03/2022
146,146,183-52-5419,Avrit,Upcott,16/01/2023
147,147,882-26-0010,Kyla,Powis,06/04/2022
148,148,816-42-2694,Teodora,Filpo,26/08/2022
149,149,529-53-6490,Aeriela,Pasquale,11/09/2022
150,150,293-08-6076,Cherice,Stickler,20/09/2022
151,151,289-44-9302,Dalila,Gaspero,10/03/2022
152,152,563-29-5900,Abagail,Costar,26/04/2022
153,153,452-10-7904,Carie,Sugden,08/12/2022
154,154,152-67-1438,Ninnetta,Moehler,01/07/2022
155,155,840-74-8084,Ezmeralda,Moiser,20/04/2022
156,156,273-87-3089,Pansie,Beach,31/08/2022
157,157,658-54-3515,Raquel,Shale,14/06/2022
158,158,188-44-0737,Corine,Swinley,22/10/2022
159,159,554-61-3660,Cassandre,Bartomieu,03/03/2022
160,160,497-74-6684,Melany,McLagain,12/01/2023
161,161,427-82-6696,Carlina,Pigden,02/04/2022
162,162,839-65-2966,Odette,Ryton,16/12/2022
163,163,606-79-1749,Sophi,Marquess,16/02/2023
164,164,511-62-5129,Caroline,Peddel,02/06/2022
165,165,231-88-1966,Ingaberg,Yanov,28/03/2022
166,166,463-05-9775,Jade,Jouen,15/06/2022
167,167,890-70-7014,Lisbeth,Dunlap,26/05/2022
168,168,518-84-1103,Ranee,Crozier,26/04/2022
169,169,506-78-6219,Crissie,Walak,01/07/2022
170,170,620-28-9916,Simonne,Sphinxe,12/05/2022
171,171,108-34-2174,Krissie,Covil,13/06/2022
172,172,502-07-6364,Bonnee,Dadge,17/06/2022
173,173,275-69-1893,Abby,Neathway,30/11/2022
174,174,587-79-1128,Jemie,Durker,07/02/2023
175,175,742-10-7020,Lynnea,Swinden,04/08/2022
176,176,347-62-7927,Lucille,Rosenthal,25/08/2022
177,177,633-57-8446,Shaina,Kalinovich,20/07/2022
178,178,594-36-4011,Lila,Bullar,05/12/2022
179,179,374-53-7799,Lindsy,Windham,01/03/2022
180,180,390-53-3950,Tressa,Vedeneev,28/02/2022
181,181,713-29-4586,Nydia,Knevit,09/04/2022
182,182,324-46-7783,Arabelle,Espinoy,23/07/2022
183,183,343-26-3659,Adrianne,Scraney,08/12/2022
184,184,724-48-2575,Em,Bezant,11/06/2022
185,185,177-70-3225,Ettie,Sturror,22/07/2022
186,186,162-10-4914,Domeniga,Klaesson,15/11/2022
187,187,589-74-4220,Marilyn,Cottee,09/05/2022
188,188,767-20-0810,Kaja,Paulino,27/11/2022
189,189,647-92-2234,Olivie,Lange,21/04/2022
190,190,559-83-6533,Aimil,Manders,02/01/2023
191,191,899-08-0419,Lynna,Blasl,08/09/2022
192,192,372-92-6874,Cecile,Dibble,09/12/2022
193,193,286-41-5255,Stacee,Pavlenkov,02/12/2022
194,194,322-70-6228,Prudy,Crann,01/03/2022
195,195,325-94-0196,Sherline,Wilden,10/10/2022
196,196,165-83-7473,Babs,O' Mahony,17/05/2022
197,197,328-81-4604,Verina,Philpots,15/10/2022
198,198,779-48-2352,Marthe,Bennett,18/11/2022
199,199,170-45-2925,Delphinia,Coppock.,06/06/2022
200,200,269-58-4184,Penelope,Patullo,07/12/2022
201,201,284-40-0144,Libbi,Ansty,21/02/2023
202,202,619-64-4948,Othella,Gilbane,17/07/2022
203,203,384-02-4641,Dyana,Bauduccio,06/05/2022
204,204,215-05-0676,Fernanda,Titta,13/04/2022
205,205,577-77-2460,Barby,Woodfin,27/02/2022
206,206,100-88-1492,Bride,Dearle-Palser,12/06/2022
207,207,396-26-7341,Roanna,Pioch,19/11/2022
208,208,386-48-5082,Jillayne,Tyrone,04/02/2023
209,209,299-41-6861,Rosaline,Duding,02/06/2022
210,210,574-52-1012,Randi,Challis,06/05/2022
211,211,661-01-2966,Evelina,Skellion,22/01/2023
212,212,274-07-2240,Latashia,Sutter,09/02/2023
213,213,837-04-1118,Siusan,Manwaring,21/01/2023
214,214,703-60-2861,Tonie,Bugby,20/05/2022
215,215,264-60-8934,Minni,Revell,16/04/2022
216,216,246-14-3352,Rozina,Donnelly,26/08/2022
217,217,362-75-8332,Zaria,Wodham,01/03/2022
218,218,679-65-3226,Clari,Grealish,10/11/2022
219,219,615-80-4791,Jeannie,Summons,27/11/2022
220,220,559-36-8850,Elinor,Paramore,29/07/2022
221,221,648-30-9137,Winona,Wetherburn,06/08/2022
222,222,816-98-2178,Patricia,Wakelam,07/08/2022
223,223,840-94-7983,Maurine,Beevers,28/05/2022
224,224,366-79-8833,Neely,Vesco,14/05/2022
225,225,709-41-4657,Antoinette,Bloxholm,20/05/2022
226,226,605-84-2462,Caroline,Olivo,05/05/2022
227,227,716-84-9798,Annadiane,Lorkings,15/07/2022
228,228,528-69-0361,Kelsy,Jeggo,20/07/2022
229,229,504-90-6510,Margit,Golsworthy,10/10/2022
230,230,464-06-0680,Karissa,Harm,20/05/2022
231,231,706-40-3938,Fanni,Hawksworth,16/03/2022
232,232,813-59-1645,Rosalyn,Kincade,02/08/2022
233,233,615-57-3110,Rosmunda,Delahunty,29/09/2022
234,234,644-52-6786,Dniren,MacDonagh,15/05/2022
235,235,495-87-3567,Gleda,Sabatini,13/08/2022
236,236,884-41-1701,Edwina,Frowd,02/05/2022
237,237,284-14-1082,Jere,Beetles,03/02/2023
238,238,229-73-2297,Mellie,Aughton,15/11/2022
239,239,730-19-9057,Debi,Sparshutt,01/03/2022
240,240,262-34-7651,Sapphire,MacNish,29/11/2022
241,241,138-45-9584,Joleen,Buggy,09/06/2022
242,242,817-13-4527,Audrye,Dunsmuir,02/05/2022
243,243,348-13-4364,Lynn,Roote,07/04/2022
244,244,864-84-2882,Marne,Biaggioni,05/03/2022
245,245,734-48-2975,Dulcine,Brisker,02/08/2022
246,246,734-65-0111,Charisse,Regitz,18/11/2022
247,247,483-09-2581,Julianna,Durie,12/10/2022
248,248,574-06-5731,Ceil,Pollitt,11/04/2022
249,249,703-45-9988,Joleen,Billinge,15/10/2022
250,250,107-18-2518,Francesca,Combe,04/06/2022
251,251,348-95-4043,Cosetta,Buckhurst,08/02/2023
252,252,705-99-6021,Gale,Hallett,31/05/2022
253,253,264-94-2569,Liza,Swynfen,19/05/2022
254,254,191-99-3171,Avrit,Eckersall,02/01/2023
255,255,488-25-9164,Bari,Denison,14/08/2022
256,256,609-52-1209,Deeann,Mallam,06/10/2022
257,257,659-27-7012,Xenia,Lindenberg,21/01/2023
258,258,711-96-1935,Katina,Buse,18/09/2022
259,259,441-83-3545,Loleta,Refford,10/12/2022
260,260,723-18-2920,Desdemona,Girodon,26/03/2022
261,261,751-31-7252,Rorie,Purdon,17/03/2022
262,262,742-84-1167,Beryl,Jakes,02/10/2022
263,263,137-20-6225,Alberta,Malinowski,19/07/2022
264,264,828-27-0362,Cecilla,Gelderd,28/07/2022
265,265,846-02-9338,Monika,Milmoe,04/06/2022
266,266,381-96-1536,Orelle,Belvard,27/04/2022
267,267,703-63-8089,Guglielma,Ferencz,28/04/2022
268,268,704-06-9435,Vitia,Seedull,10/09/2022
269,269,776-92-4811,Blancha,Amsberger,19/11/2022
270,270,876-62-9820,Deena,Wrenn,21/10/2022
271,271,296-43-1071,Hortense,Wickson,06/04/2022
272,272,892-53-5037,Anna-diana,Suddell,04/07/2022
273,273,200-34-9002,Tove,Drynan,19/07/2022
274,274,387-86-0523,Viviyan,Gwyneth,21/11/2022
275,275,157-51-0236,Vanna,Dick,13/04/2022
276,276,357-87-7680,Lola,Makiver,10/07/2022
277,277,491-97-9160,Marlie,Reitenbach,03/11/2022
278,278,192-87-6085,Cyndia,Mallord,10/09/2022
279,279,360-26-7872,Holly,Chaston,26/06/2022
280,280,168-45-4188,Kinna,Mulmuray,28/02/2022
281,281,526-49-1847,Goldia,Donavan,31/03/2022
282,282,513-59-9603,Demetria,Bowick,21/05/2022
283,283,451-52-6319,Evanne,Duiguid,09/04/2022
284,284,107-40-8335,Kacie,Ceely,28/12/2022
285,285,707-71-2736,Milicent,Blackden,19/06/2022
286,286,425-60-9634,Kendre,Cartmale,09/03/2022
287,287,297-58-4514,Misti,Coneau,05/03/2022
288,288,623-78-8720,Keelia,O'Gaven,29/01/2023
289,289,569-23-8577,Jocelyn,Jirousek,29/10/2022
290,290,829-29-6679,De,Josey,15/04/2022
291,291,542-26-4959,Joana,Rudland,01/01/2023
292,292,283-26-3844,Margi,Britian,19/08/2022
293,293,333-99-9085,Pat,Pickersail,18/12/2022
294,294,863-54-4630,Ruperta,Ellcock,28/08/2022
295,295,600-38-7744,Dorolice,Hourihane,31/10/2022
296,296,392-83-4612,Enid,Tidcomb,17/03/2022
297,297,167-83-1540,Clemence,Kristiansen,18/04/2022
298,298,885-94-5410,Joan,Addionisio,04/10/2022
299,299,390-18-3578,Janeva,Lugg,06/09/2022
300,300,494-85-8773,Gray,Grandison,18/02/2023
301,301,328-90-4547,Clemence,Maberley,19/02/2023
302,302,210-26-7499,Beulah,Tullett,18/08/2022
303,303,111-17-3081,Rasia,Bergen,09/06/2022
304,304,490-80-2981,Danit,Pepperill,05/03/2022
305,305,661-91-5672,Julietta,Bauchop,22/06/2022
306,306,897-50-3112,Oralla,Happs,16/04/2022
307,307,483-74-4450,Biddy,Saby,14/08/2022
308,308,488-66-5943,Danyelle,Whithalgh,08/04/2022
309,309,447-99-6188,Candida,Kentwell,07/10/2022
310,310,853-54-5842,Sapphire,Cuttell,04/06/2022
311,311,819-49-6908,Caril,Grose,11/06/2022
312,312,799-71-0801,Shaylynn,Vlasin,23/09/2022
313,313,814-19-2842,Grata,Dunbavin,08/10/2022
314,314,809-02-0710,Rhodia,Djurdjevic,29/07/2022
315,315,653-46-4282,Maurise,Maffetti,15/03/2022
316,316,659-67-1390,Lonnie,Gumary,20/09/2022
317,317,720-39-4144,Clari,Santos,21/02/2023
318,318,173-33-3040,Betsey,Insoll,24/08/2022
319,319,264-23-6683,Tara,Tuke,19/10/2022
320,320,795-04-9051,Corie,Holleworth,22/12/2022
321,321,537-07-9950,Nari,Affron,31/03/2022
322,322,692-43-7199,Zaria,O'Neill,11/11/2022
323,323,819-28-1393,Shelbi,McKinney,04/06/2022
324,324,847-66-8724,Kore,Vivian,05/09/2022
325,325,664-61-1665,Gabrielle,Mirralls,09/04/2022
326,326,340-58-4299,Gena,Bester,29/05/2022
327,327,438-74-2834,Debi,Parfitt,23/06/2022
328,328,373-88-8240,Carena,Goodhall,24/05/2022
329,329,217-12-7310,Gayleen,Cummings,23/05/2022
330,330,255-46-6515,Janene,Alberts,22/08/2022
331,331,705-56-1478,Courtney,Jacquemet,26/03/2022
332,332,458-40-3660,Malissa,Worsom,16/08/2022
333,333,562-76-3682,Tish,Delany,06/12/2022
334,334,669-47-5239,Terrye,Hame,07/07/2022
335,335,865-84-2402,Heidie,O'Loughnan,26/05/2022
336,336,578-98-7971,Diane-marie,Pennells,01/06/2022
337,337,797-61-4429,Steffie,Dudson,28/08/2022
338,338,773-56-2321,Kamila,Bausor,08/01/2023
339,339,511-52-7256,Thea,Genthner,07/04/2022
340,340,761-20-5701,Linda,Spondley,21/06/2022
341,341,269-66-3612,Adorne,Merigeau,23/05/2022
342,342,301-84-3220,Delora,Gayler,22/08/2022
343,343,474-86-4334,Leodora,Darell,11/12/2022
344,344,648-11-6729,Molli,O'Lunney,02/12/2022
345,345,461-45-7587,Delcina,Grgic,04/11/2022
346,346,223-51-4221,Bette-ann,Hawkeswood,18/11/2022
347,347,824-54-7215,Ibby,Wesley,27/11/2022
348,348,772-22-6904,Marya,Shillitto,30/06/2022
349,349,522-27-1062,Karole,Ommanney,25/08/2022
350,350,884-49-2374,Roseline,Jado,06/06/2022
351,351,745-36-1067,Joellyn,Glenfield,20/04/2022
352,352,469-20-5150,Gwenette,Glaum,22/08/2022
353,353,397-07-8447,Merrile,Antosch,01/03/2022
354,354,551-45-4052,Ree,Mant,30/04/2022
355,355,638-06-5828,Joanna,Pocknell,15/05/2022
356,356,422-15-0373,Tomasina,Sheron,19/06/2022
357,357,236-90-9253,Liesa,Banes,23/08/2022
358,358,424-88-8840,Renelle,Poore,19/01/2023
359,359,111-29-9268,Wilhelmina,Lademann,07/02/2023
360,360,356-07-2339,Darlene,Dobel,21/11/2022
361,361,529-29-0855,Pauli,Grzegorek,12/01/2023
362,362,702-18-2067,Zenia,Woolen,23/01/2023
363,363,775-20-6104,Constantia,Hubert,08/06/2022
364,364,156-48-6811,Ferdinande,Fadian,15/09/2022
365,365,799-72-8719,Magdaia,Scroyton,25/10/2022
366,366,539-70-3338,Berti,Matkovic,03/01/2023
367,367,786-30-6674,Nona,Learoyd,18/02/2023
368,368,364-97-5864,Ramonda,Betjeman,06/11/2022
369,369,876-68-1262,Lorilee,Oman,28/03/2022
370,370,623-29-4176,Feodora,Pahlsson,22/05/2022
371,371,720-39-5913,Natka,Lorenz,05/08/2022
372,372,862-37-8623,Fay,de Grey,17/09/2022
373,373,862-91-7415,Yolane,Pulhoster,04/04/2022
374,374,632-80-4980,Koressa,Braidman,15/01/2023
375,375,354-95-5937,Carroll,Ackrill,31/05/2022
376,376,358-29-9881,Donelle,Jerg,16/03/2022
377,377,384-07-9316,Peggy,Aizikowitz,13/12/2022
378,378,392-93-5115,Consuelo,Clynman,01/08/2022
379,379,221-12-5579,Sibby,Chasson,09/11/2022
380,380,491-42-7230,Jillie,William,22/12/2022
381,381,548-29-6566,Georgina,Slograve,02/11/2022
382,382,814-50-4267,Maudie,Cramphorn,23/01/2023
383,383,611-05-7138,Rosaleen,Chappel,18/02/2023
384,384,341-41-7037,Dorine,Wem,30/12/2022
385,385,790-22-6054,Yettie,Troubridge,08/07/2022
386,386,431-65-9849,Beverley,Sherar,30/03/2022
387,387,351-40-3255,Liane,Handrick,08/09/2022
388,388,438-49-6712,Jayne,Flowerden,30/08/2022
389,389,191-85-5490,Dacey,de'-Ancy Willis,16/04/2022
390,390,754-38-6453,Katerine,Cromack,14/03/2022
391,391,785-65-3049,Cecelia,Ilson,20/11/2022
392,392,511-12-5484,Guinevere,Ingley,29/09/2022
393,393,259-63-2877,Aurilia,De Stoop,18/01/2023
394,394,474-09-5745,Stephana,Hamshar,06/10/2022
395,395,591-52-0589,Melany,Bernardt,01/11/2022
396,396,421-98-2092,Riannon,Sukbhans,12/04/2022
397,397,889-39-9870,Teresina,Ilett,10/11/2022
398,398,732-47-8600,Jewelle,Searjeant,27/08/2022
399,399,889-17-7840,Felisha,Haquard,15/05/2022
400,400,139-31-0824,Querida,Quinsee,26/03/2022
401,401,147-29-0671,Eloisa,Mitrovic,11/03/2022
402,402,347-30-7673,Bria,Edsell,10/04/2022
403,403,588-70-5331,Lorianna,Dudin,27/05/2022
404,404,350-02-1480,Nellie,Bridgement,05/03/2022
405,405,147-87-4807,Britte,Course,08/03/2022
406,406,863-16-9530,Hattie,Doran,27/05/2022
407,407,133-84-6981,Pavia,MacKintosh,07/02/2023
408,408,664-10-0790,Genovera,Lages,25/06/2022
409,409,298-01-4157,Aaren,Crosi,01/05/2022
410,410,626-19-0292,Pru,Mourton,09/07/2022
411,411,689-38-5412,Rosetta,Munslow,17/06/2022
412,412,100-53-3005,Melisse,Stelle,03/12/2022
413,413,720-32-8831,Merrile,Bullier,06/02/2023
414,414,692-04-0934,Riane,Ballefant,20/09/2022
415,415,562-14-8709,Aliza,Pickford,20/07/2022
416,416,364-38-7849,Callida,Stephen,03/07/2022
417,417,372-48-7020,Lynn,Farryan,07/10/2022
418,418,116-12-7923,Sondra,Morffew,25/09/2022
419,419,737-60-4313,Charlean,Gumm,26/04/2022
420,420,111-51-3603,Mady,Gerdes,14/06/2022
421,421,783-85-6482,Nathalia,Patman,25/05/2022
422,422,837-07-2134,Marlie,Summerlad,15/10/2022
423,423,361-33-7346,Cathy,Littlewood,23/04/2022
424,424,545-57-0992,Faith,Cassell,25/10/2022
425,425,403-82-7292,Kirsten,Franklin,11/05/2022
426,426,274-33-4384,Merrile,Rowlinson,17/09/2022
427,427,318-28-5804,Loise,Callf,22/05/2022
428,428,266-05-2397,Marketa,Bello,23/04/2022
429,429,272-69-0089,Billi,Davidovic,26/05/2022
430,430,626-62-1542,Jobina,Willgoose,25/11/2022
431,431,157-13-1912,Rozelle,Alexander,13/08/2022
432,432,675-60-0793,Letizia,Phalp,21/02/2023
433,433,310-10-1436,Dawn,Broad,23/08/2022
434,434,672-99-7415,Roxy,Durtnall,23/01/2023
435,435,328-49-7904,Fiorenze,Whebell,04/08/2022
436,436,485-40-6221,Latisha,Pedrocchi,02/09/2022
437,437,886-74-0769,Phedra,Cannings,21/05/2022
438,438,731-14-1432,Dorisa,Bexon,10/05/2022
439,439,897-16-1227,Coralyn,Fuentez,22/12/2022
440,440,681-53-6434,Maye,Bawle,06/05/2022
441,441,258-15-9621,Dulcia,Maytom,23/03/2022
442,442,576-96-3560,Jobyna,Fell,06/04/2022
443,443,864-94-3688,Mignonne,Wiggington,09/05/2022
444,444,414-58-5060,Renell,Dachey,13/09/2022
445,445,256-19-3169,Betsy,Boxhill,22/04/2022
446,446,426-04-9913,Billye,Cana,10/10/2022
447,447,521-24-6004,Vannie,Clara,02/09/2022
448,448,247-05-3381,Sarine,Karlsen,15/04/2022
449,449,798-21-4709,Constantina,Warham,08/09/2022
450,450,309-79-3757,Gus,Konmann,30/06/2022
451,451,447-02-7303,Clerissa,Salterne,28/02/2022
452,452,399-38-0136,Suzy,Celes,20/04/2022
453,453,583-85-8016,Timi,Featonby,05/09/2022
454,454,476-83-1778,Laverna,Basley,04/01/2023
455,455,117-20-6744,Hedwiga,Capaldi,17/12/2022
456,456,266-34-4671,Helen-elizabeth,Shawl,25/02/2022
457,457,694-88-3109,Lolly,Mallindine,14/11/2022
458,458,737-75-6940,Nance,MacClancey,25/07/2022
459,459,385-98-1396,Ulrikaumeko,Straker,15/09/2022
460,460,702-45-0140,Juana,Brusin,10/10/2022
461,461,693-58-8971,Torrie,Jirasek,10/07/2022
462,462,582-98-9654,Sandy,Clougher,11/08/2022
463,463,524-88-8564,Carlee,Stothert,14/11/2022
464,464,843-09-2418,Annora,Pagitt,02/02/2023
465,465,232-03-4321,Ralina,Mathison,08/06/2022
466,466,485-77-9009,Dorisa,Oleszkiewicz,16/10/2022
467,467,356-30-9147,Nadia,Wetter,29/05/2022
468,468,840-20-1976,Emmalee,Jewar,10/11/2022
469,469,201-52-6505,Imogene,Willmont,15/07/2022
470,470,105-87-1967,Feodora,Sayward,10/07/2022
471,471,895-10-4350,Ciel,Spikings,18/10/2022
472,472,559-32-2643,Coleen,Baniard,17/11/2022
473,473,650-99-0575,Cortney,Verrico,16/08/2022
474,474,106-95-4461,Dona,Normington,09/11/2022
475,475,287-32-4752,Kelcey,McWhinnie,05/04/2022
476,476,165-03-0849,Misty,MacCosty,24/12/2022
477,477,741-02-7415,Myrtie,Habbijam,03/11/2022
478,478,488-54-1464,Dolorita,Denys,27/08/2022
479,479,155-97-1552,Kathy,Kornilov,24/12/2022
480,480,122-74-4586,Thekla,Aubert,04/03/2022
481,481,515-56-1896,Theda,Signorelli,06/05/2022
482,482,288-99-9296,Charyl,Pardy,30/09/2022
483,483,585-83-9824,Eulalie,Blown,03/11/2022
484,484,595-20-6850,Christian,Dine-Hart,22/11/2022
485,485,724-37-9290,Zsazsa,Pellman,26/01/2023
486,486,518-60-7394,Aimee,Kinningley,24/03/2022
487,487,418-08-3613,Yolanda,Lisciandri,01/07/2022
488,488,218-19-9877,Laverna,Mc Andrew,06/05/2022
489,489,112-76-5390,Jacki,Kirrens,07/04/2022
490,490,525-74-8302,Sande,Beilby,25/10/2022
491,491,855-60-5683,Linnet,Girkins,08/01/2023
492,492,418-38-5185,Zulema,Simmins,27/10/2022
493,493,788-86-8237,Jemmie,Aslam,01/12/2022
494,494,175-13-1437,Madalyn,Kezor,24/04/2022
495,495,132-83-4735,Julietta,Trippett,27/01/2023
496,496,523-82-7905,Brandais,Egan,30/10/2022
497,497,333-16-8225,Doralyn,Demetr,13/02/2023
498,498,164-34-9613,Cristionna,Harle,25/01/2023
499,499,726-67-8968,Marga,Sterland,03/12/2022
500,500,693-12-6600,Grazia,Barracks,18/05/2022
501,501,501-60-2835,Constancy,McIlherran,06/01/2023
502,502,890-85-6399,Dinnie,Boughtflower,17/04/2022
503,503,844-58-2928,Dorris,Paulton,26/08/2022
504,504,489-44-8564,Fidelity,Mosco,09/12/2022
505,505,233-16-3619,Amitie,Keems,03/02/2023
506,506,577-66-2615,Othella,Gerg,22/11/2022
507,507,725-50-7002,Evy,Box,14/07/2022
508,508,678-75-5561,Merridie,Augie,25/06/2022
509,509,215-37-5991,Kasey,Mannooch,21/05/2022
510,510,466-42-9499,Claudina,Wahlberg,23/02/2023
511,511,123-58-2406,Cinderella,Dieton,11/11/2022
512,512,360-26-7509,Emmy,Kopfen,21/04/2022
513,513,115-75-9108,Oriana,Bachman,03/03/2022
514,514,603-06-8456,Rasla,Tole,14/09/2022
515,515,351-74-5207,Alla,Sysland,17/03/2022
516,516,578-98-4045,Rebecca,Dingley,20/06/2022
517,517,309-81-9140,Ree,Woodnutt,08/03/2022
518,518,515-08-8764,Lila,Jacke,27/02/2022
519,519,122-95-0383,Dorry,Hailes,23/12/2022
520,520,170-95-2090,Aindrea,Simecek,01/08/2022
521,521,603-97-7824,Loren,Hekkert,19/11/2022
522,522,415-56-4625,Randa,Caple,25/01/2023
523,523,526-23-8191,Cybill,Tenny,16/04/2022
524,524,572-84-1229,Anabelle,Fey,15/10/2022
525,525,737-76-7745,Yoshi,Undrill,18/08/2022
526,526,822-92-9741,Sascha,Mariyushkin,13/03/2022
527,527,442-09-5227,Rosaleen,Blitzer,06/02/2023
528,528,669-09-5969,Erika,Darnell,28/10/2022
529,529,379-10-7722,Tallia,Hyams,14/04/2022
530,530,148-79-5836,Augustina,Bucktharp,14/05/2022
531,531,145-22-1029,Salli,Sincock,25/06/2022
532,532,664-20-9076,Birdie,Green,06/01/2023
533,533,418-77-2735,Kimberley,De Hailes,25/02/2022
534,534,780-18-0980,Dode,Benettini,09/11/2022
535,535,304-91-4780,Karoline,Morriarty,15/08/2022
536,536,226-98-8040,Roselia,Crangle,25/08/2022
537,537,708-92-7079,Ted,Royan,12/03/2022
538,538,829-48-9931,Danyelle,Crighton,05/06/2022
539,539,445-23-2622,Konstance,Swarbrigg,29/08/2022
540,540,313-18-8130,Annalise,Goaley,23/03/2022
541,541,407-94-5425,Ilise,Bayley,02/02/2023
542,542,682-61-7389,Sophey,Walkowski,09/11/2022
543,543,740-10-6159,Hanny,Marty,02/05/2022
544,544,228-68-6934,Leontyne,Luckey,20/09/2022
545,545,814-59-2153,Audry,Dolden,14/10/2022
546,546,136-39-3029,Christie,Rosie,22/05/2022
547,547,765-63-6945,Alanah,Rivenzon,21/06/2022
548,548,461-43-8874,Amata,Osipov,26/03/2022
549,549,627-68-8195,Alecia,Drew-Clifton,23/09/2022
550,550,416-75-3984,Jemimah,Cockshott,04/11/2022
551,551,524-55-2610,Rycca,Carslake,29/09/2022
552,552,165-44-7042,Rebecca,Burberow,12/02/2023
553,553,277-54-5196,Bibbye,Brunon,07/04/2022
554,554,855-88-8829,Valerye,Schott,06/03/2022
555,555,861-94-1651,Winne,Clutterbuck,19/10/2022
556,556,158-62-4165,Kristy,Paish,17/05/2022
557,557,557-33-9388,Heath,Inchan,27/07/2022
558,558,724-09-2771,Nicolle,Biddiss,07/10/2022
559,559,605-06-9196,Dalia,Soldi,11/09/2022
560,560,198-61-9198,Kessiah,Juste,12/12/2022
561,561,573-50-9543,Melloney,Ash,02/07/2022
562,562,444-44-1773,Orel,Begin,27/11/2022
563,563,468-97-6201,Carmine,Blackett,13/07/2022
564,564,752-06-2749,Abra,Le Friec,04/10/2022
565,565,537-48-5220,Tana,Villa,15/08/2022
566,566,274-55-6490,Jennifer,Wicher,15/04/2022
567,567,290-87-2210,Carry,Pierrepoint,08/10/2022
568,568,885-81-0242,Maribeth,Newbatt,21/07/2022
569,569,126-07-0767,Karole,Killingworth,02/10/2022
570,570,546-45-1807,Maible,Lodwick,17/09/2022
571,571,311-36-3935,Benedetta,Humbles,01/12/2022
572,572,700-14-9794,Diannne,Flaune,03/04/2022
573,573,697-13-8038,Wynn,Janovsky,28/11/2022
574,574,722-26-6385,Iona,Catto,03/10/2022
575,575,313-33-8894,Tiffanie,Castells,27/02/2022
576,576,174-60-2287,Corrine,Dive,29/04/2022
577,577,549-40-4953,Lavinia,Piner,05/09/2022
578,578,178-69-6808,Nola,Buffery,22/01/2023
579,579,115-94-2968,Audrye,Darke,17/11/2022
580,580,271-76-5571,Alyson,Curreen,29/05/2022
581,581,869-62-4863,Vanni,Hansford,07/03/2022
582,582,672-37-7701,Adrian,Abreheart,21/01/2023
583,583,894-97-4661,Jillian,Kuhnt,15/09/2022
584,584,493-16-8508,Viv,McArte,13/04/2022
585,585,894-01-1526,Myrlene,McKleod,07/06/2022
586,586,413-05-7451,Rozele,Lighterness,07/05/2022
587,587,202-11-7382,Aidan,Wybern,23/03/2022
588,588,795-98-5652,Sallyann,Simchenko,16/12/2022
589,589,220-70-2496,Ruperta,Brunon,14/08/2022
590,590,671-28-6683,Guenna,Limbrick,20/07/2022
591,591,151-13-7097,Jacquetta,Cowdrey,02/04/2022
592,592,728-42-9481,Amye,Bock,29/07/2022
593,593,452-48-8405,Ardis,Unwins,11/05/2022
594,594,650-86-7911,Constantia,Demsey,16/12/2022
595,595,556-96-4494,Victoria,Petriello,31/07/2022
596,596,849-19-0685,Nike,Frary,26/11/2022
597,597,295-94-2399,Collette,Geffen,08/08/2022
598,598,791-94-1461,Caroline,Hymor,06/03/2022
599,599,885-78-1593,Evangelia,Harral,08/04/2022
600,600,331-04-0763,Myrtia,Oakey,17/04/2022
601,601,275-19-0073,Jsandye,Ponder,08/05/2022
602,602,505-70-9592,Lurlene,Fancourt,13/12/2022
603,603,458-86-1339,Dinah,Obell,18/11/2022
604,604,619-13-4268,Allene,Christon,08/02/2023
605,605,419-72-6385,Darla,Tellenbrok,02/09/2022
606,606,282-35-5993,Aurel,Anscott,08/01/2023
607,607,733-82-6746,Daphna,Crowch,07/03/2022
608,608,329-55-1094,Ilene,Auchterlonie,23/06/2022
609,609,606-42-7049,Codie,Rozycki,29/10/2022
610,610,473-95-9012,Tony,Dietsche,24/11/2022
611,611,652-62-9081,Dasya,Cleveley,23/06/2022
612,612,211-98-8696,Barbie,Nobbs,16/10/2022
613,613,727-71-6456,Celie,Dwelley,28/11/2022
614,614,300-10-4145,Jewel,Barten,20/01/2023
615,615,346-48-3328,Brita,Dooney,16/10/2022
616,616,671-17-6104,Alecia,von Hagt,11/10/2022
617,617,465-45-3454,Maddi,Kenton,03/08/2022
618,618,378-52-6194,Corette,Arpur,03/05/2022
619,619,886-74-4109,Marthe,Langcaster,24/07/2022
620,620,404-55-0866,Jolie,Chesman,18/10/2022
621,621,828-73-7056,Merridie,Wernher,27/09/2022
622,622,418-88-8196,Virgie,de Bullion,25/07/2022
623,623,471-91-3920,Corie,MacGoun,09/05/2022
624,624,329-54-9946,Cordy,Baggallay,24/12/2022
625,625,499-54-4274,Laurena,Habercham,08/01/2023
626,626,615-12-8578,Blondelle,Chesser,27/02/2022
627,627,572-99-2825,Marje,Blaskett,03/10/2022
628,628,235-70-6610,Gaye,Fernando,07/08/2022
629,629,244-65-3573,Zola,Tumber,08/05/2022
630,630,750-35-8622,Avis,Gudahy,02/06/2022
631,631,830-14-9798,Valida,Bisley,24/03/2022
632,632,440-09-2466,Lanni,Hinchcliffe,24/06/2022
633,633,731-75-5173,Netti,Wallage,23/01/2023
634,634,746-89-6624,Loria,Starbucke,17/08/2022
635,635,845-24-7931,Charmane,Orme,18/02/2023
636,636,526-90-0116,Valery,McNeachtain,22/06/2022
637,637,430-76-5035,Meghann,Breslauer,27/10/2022
638,638,683-65-7502,Leshia,Wickey,29/01/2023
639,639,756-64-2451,Missie,Sickert,09/09/2022
640,640,603-02-9841,Carolee,Fieldsend,29/06/2022
641,641,779-02-6129,Cassy,Punch,27/03/2022
642,642,724-70-9076,Sallyanne,Priestley,08/04/2022
643,643,473-77-4313,Gianna,Carriage,13/11/2022
644,644,654-23-1652,Bethanne,Hayler,17/11/2022
645,645,375-69-7386,Jenny,Schroder,10/06/2022
646,646,468-71-1144,Ethyl,Skala,05/01/2023
647,647,874-25-8367,Melisse,Hallows,16/06/2022
648,648,745-65-1849,Dorie,McAline,28/06/2022
649,649,861-02-3901,Maude,Wigzell,07/04/2022
650,650,891-65-8151,Zaria,Sweeten,01/12/2022
651,651,240-75-7935,Dona,Koeppe,03/12/2022
652,652,522-27-0223,Margareta,Beamond,19/11/2022
653,653,235-50-7960,Norah,Mackness,20/05/2022
654,654,708-28-8083,Kelci,Folliss,14/01/2023
655,655,648-74-0508,Teena,Guilloud,26/08/2022
656,656,420-50-2702,Yolanthe,Avraham,25/09/2022
657,657,490-65-4915,Kalila,Prendergrass,23/12/2022
658,658,500-11-7453,Gabriellia,Dockrey,15/10/2022
659,659,809-13-5516,Mariana,Blanking,06/07/2022
660,660,895-22-0723,Demetria,Fluger,26/06/2022
661,661,364-26-3222,Briney,MacVay,08/08/2022
662,662,801-80-9432,Anya,Choulerton,28/06/2022
663,663,680-10-7113,Margette,Budge,05/10/2022
664,664,326-39-7603,Aeriell,De Carteret,26/03/2022
665,665,659-19-6712,Janina,Mulholland,25/01/2023
666,666,717-45-6041,Sammy,Huddlestone,22/11/2022
667,667,144-35-8730,Rowena,Luc,11/08/2022
668,668,444-82-1737,Sasha,Borleace,24/04/2022
669,669,691-13-8858,Valene,Torrecilla,28/03/2022
670,670,453-51-5768,Anderea,Budnik,07/08/2022
671,671,277-70-5564,Rhonda,Emm,05/12/2022
672,672,422-79-6432,Briana,Cumbridge,15/10/2022
673,673,216-16-0423,Anne-corinne,Buzza,30/06/2022
674,674,474-29-8121,Neysa,Longford,27/08/2022
675,675,518-10-2203,Zea,Burchall,18/07/2022
676,676,726-66-5859,Martelle,Sapir,25/06/2022
677,677,397-82-1082,Betty,Shields,05/11/2022
678,678,846-36-3908,Janeczka,Hyams,02/12/2022
679,679,770-35-7024,Sarette,Colcutt,08/12/2022
680,680,716-96-7883,Chrissy,Brigden,09/11/2022
681,681,849-60-6136,Anastassia,Schimmang,22/11/2022
682,682,794-40-6818,Letisha,Morgans,16/04/2022
683,683,889-46-8966,Easter,Hullins,17/10/2022
684,684,171-09-9045,Paula,MacPaike,01/10/2022
685,685,423-97-2902,Tania,Delacour,05/05/2022
686,686,188-04-5167,Caroline,Renvoise,06/12/2022
687,687,862-33-1648,Minny,White,07/12/2022
688,688,151-92-1111,Jessie,Girhard,30/06/2022
689,689,765-88-4863,Leodora,Hogsden,21/11/2022
690,690,744-71-8592,Ivett,Howgill,29/04/2022
691,691,221-77-7298,Jennee,Caramuscia,21/03/2022
692,692,370-40-5080,Anitra,Grut,28/11/2022
693,693,129-90-0677,Grace,Shreeves,29/04/2022
694,694,811-70-3269,Liesa,Klement,15/04/2022
695,695,421-91-1297,Rubia,Fearnsides,25/09/2022
696,696,419-59-9867,Peggy,Sarle,17/12/2022
697,697,616-70-0736,Livvie,Mitchard,08/04/2022
698,698,721-09-4699,Dorine,Mc Cahey,07/03/2022
699,699,384-72-3771,Ailee,Broddle,13/05/2022
700,700,441-33-3763,Ophelia,Mickelwright,31/03/2022
701,701,411-90-2635,Gale,Biggs,15/09/2022
702,702,684-87-1703,Trina,Dumblton,09/09/2022
703,703,497-45-4147,Christa,Wellen,03/01/2023
704,704,571-35-5081,Linda,Glen,01/07/2022
705,705,407-62-0753,Sylvia,Strowthers,14/02/2023
706,706,469-33-0719,Stacee,Pauleit,07/04/2022
707,707,134-40-7277,Blinnie,Gartell,01/02/2023
708,708,380-78-9713,Amii,Fruish,18/11/2022
709,709,142-38-8081,Pamela,Keune,02/09/2022
710,710,179-79-0868,Lezlie,Saunder,26/11/2022
711,711,414-45-5447,Bobby,Hellens,26/03/2022
712,712,562-88-9563,Felipa,Crockley,15/05/2022
713,713,846-97-6631,Darbie,Reay,21/08/2022
714,714,427-47-2292,Joan,Lambourne,20/01/2023
715,715,533-43-7030,Silvana,Vautin,12/05/2022
716,716,562-54-9118,Katrinka,Molfino,07/03/2022
717,717,837-41-9614,Dorothy,Delue,15/11/2022
718,718,712-45-6551,Stacy,Bruhnke,14/06/2022
719,719,265-13-3387,Carmelia,Fairbairn,19/05/2022
720,720,522-75-7897,Ophelie,Linturn,19/07/2022
721,721,315-43-0400,Fawn,Novacek,12/10/2022
722,722,343-24-8971,Aimee,Liverock,16/01/2023
723,723,383-56-0843,Sherye,Fawbert,02/10/2022
724,724,188-38-2716,Jilleen,Pflieger,25/07/2022
725,725,689-74-2260,Yetty,Olivier,08/01/2023
726,726,112-37-5273,Coriss,Goodreid,24/12/2022
727,727,679-11-3658,Maryrose,Serrell,15/12/2022
728,728,499-51-5064,Valentia,Rickword,30/11/2022
729,729,341-59-2039,Janaya,Stopford,18/08/2022
730,730,675-97-2220,Arabella,Pancast,04/11/2022
731,731,784-63-0838,Lauralee,Atwell,04/10/2022
732,732,428-90-8480,Eileen,Beahan,06/04/2022
733,733,521-67-6937,Deva,Mendes,20/11/2022
734,734,879-91-2986,Kissee,Nacci,16/07/2022
735,735,516-80-2939,Frannie,Heister,11/07/2022
736,736,233-96-2751,Latia,Ferneley,15/07/2022
737,737,134-86-5645,Lizabeth,Boggon,28/07/2022
738,738,691-02-6218,Bellina,Leopard,19/02/2023
739,739,235-99-4797,Diane,Hercock,24/03/2022
740,740,641-61-1723,Dona,Laurie,30/01/2023
741,741,809-20-8810,Babs,Mateos,07/05/2022
742,742,410-38-1573,Jacqui,Jollie,27/10/2022
743,743,349-36-2970,Eva,Grishelyov,08/09/2022
744,744,162-02-2017,Atalanta,Coldbathe,11/03/2022
745,745,569-26-3216,Suellen,Boldison,09/03/2022
746,746,381-48-5470,Constantina,de Vaen,13/03/2022
747,747,880-12-5719,Nichol,Goodger,23/03/2022
748,748,359-73-7571,Ashli,Leaning,19/08/2022
749,749,562-96-9335,Georgiana,Merrifield,15/01/2023
750,750,525-90-1669,Tori,Scholl,27/07/2022
751,751,368-64-7861,Leilah,Stelljes,19/11/2022
752,752,736-36-3112,Coralyn,Eilhermann,25/11/2022
753,753,256-54-8065,Lana,Younger,22/03/2022
754,754,345-26-0655,Joela,Metterick,07/08/2022
755,755,679-66-0571,Emily,Keen,04/03/2022
756,756,481-12-0931,Giuditta,McCreery,19/07/2022
757,757,391-97-7770,Bernardine,Lethabridge,10/05/2022
758,758,737-59-5170,Pamella,Cacacie,13/10/2022
759,759,291-36-5612,Mae,Flippelli,03/04/2022
760,760,315-50-3181,Wandie,Juggins,09/03/2022
761,761,754-30-9550,Diandra,Di Biagi,04/06/2022
762,762,168-40-7043,Yevette,Caley,08/12/2022
763,763,174-01-5202,Frieda,Hassall,25/06/2022
764,764,682-08-3476,Adrianna,Telling,27/04/2022
765,765,104-36-4222,Mozelle,Greschke,05/04/2022
766,766,394-43-1627,Ella,Boniface,09/12/2022
767,767,203-34-2440,Alice,Nix,24/09/2022
768,768,180-33-3387,Alexi,Merriday,26/04/2022
769,769,123-22-8057,Merry,Bortolazzi,16/10/2022
770,770,816-73-9282,Mildred,Aldhouse,09/10/2022
771,771,712-25-6684,Matti,McIllroy,18/07/2022
772,772,157-92-6987,Deane,Riccelli,18/10/2022
773,773,672-88-1634,Ludovika,Marty,11/12/2022
774,774,470-94-6191,Evangeline,Mille,22/08/2022
775,775,385-53-3581,Karyn,Gerard,01/01/2023
776,776,133-78-4132,Helaine,Hulburt,04/07/2022
777,777,494-07-7349,Marcelline,Sprigging,02/08/2022
778,778,185-18-6601,Anallise,Clarkin,02/03/2022
779,779,180-27-9283,Marjy,Dymond,04/01/2023
780,780,291-03-1104,Lesly,Gritland,13/01/2023
781,781,495-42-4943,Lavena,Guildford,19/07/2022
782,782,762-82-1420,Gusta,Attfield,09/07/2022
783,783,368-69-0890,Nalani,Coveney,10/01/2023
784,784,809-94-7841,Mora,Quiney,12/07/2022
785,785,897-74-5545,Aurelea,Preble,31/03/2022
786,786,193-15-6135,Modesta,Marusyak,20/01/2023
787,787,374-27-6190,Prudi,Jopson,26/12/2022
788,788,311-51-9432,Trenna,Bittlestone,03/04/2022
789,789,619-48-4439,Genni,Whieldon,24/12/2022
790,790,452-70-7833,Kirbee,Gateley,10/10/2022
791,791,492-68-5643,Jodie,Simmill,21/08/2022
792,792,836-56-4012,Lois,Gonzalez,06/09/2022
793,793,495-41-4121,Flss,Greaterex,22/06/2022
794,794,756-52-1807,Sapphira,Worg,20/03/2022
795,795,520-29-7496,Katrina,Matijasevic,03/04/2022
796,796,189-08-0017,Katine,Estcourt,10/10/2022
797,797,603-34-3651,Kirbie,Danovich,30/06/2022
798,798,893-30-3620,Charil,Caird,15/02/2023
799,799,230-35-0370,Arlena,Hansill,30/04/2022
800,800,593-30-5519,Dorolice,MacAlpin,18/10/2022
801,801,118-06-7118,Klara,Tongs,03/02/2023
802,802,146-88-5849,Lynnell,Warham,23/04/2022
803,803,453-16-1956,Nicolle,Boundey,19/09/2022
804,804,279-33-8284,Maryjo,Rosenqvist,22/05/2022
805,805,419-95-5806,Irma,Oluwatoyin,19/03/2022
806,806,133-98-9131,Angeline,Pray,04/07/2022
807,807,180-81-1299,Nannie,Grindell,06/11/2022
808,808,646-08-6945,Chiarra,Clem,15/06/2022
809,809,348-47-1520,Lela,Gonnard,16/05/2022
810,810,158-89-5887,Paulie,Segrott,17/10/2022
811,811,387-26-4641,Norine,Godden,28/06/2022
812,812,432-94-2429,Shelley,Hakewell,26/02/2022
813,813,731-45-6865,Nicholle,Langrish,10/02/2023
814,814,830-05-2564,Marylin,Tomankiewicz,01/09/2022
815,815,778-28-8301,Dora,Cosh,04/06/2022
816,816,694-41-8229,Dre,Graal,02/12/2022
817,817,386-94-0865,Kattie,Hamil,17/12/2022
818,818,380-05-7993,Malena,Petyanin,09/12/2022
819,819,575-28-8971,Pippa,Davidesco,13/07/2022
820,820,296-65-9692,Wendi,Venditti,14/08/2022
821,821,477-18-6270,Glynis,Howel,10/11/2022
822,822,222-82-0516,Babb,Bunten,25/08/2022
823,823,869-57-9781,Kirbie,Guiducci,10/07/2022
824,824,665-46-5511,Korrie,Bielby,08/10/2022
825,825,677-98-8498,Ashley,Kiltie,20/01/2023
826,826,863-37-9352,Eleanora,MacDermid,06/07/2022
827,827,334-41-2913,Ellette,Ennever,01/10/2022
828,828,230-40-1661,Teddi,Collman,22/11/2022
829,829,497-91-0989,Kathie,Thiem,18/10/2022
830,830,709-43-8258,Imojean,Joseland,20/10/2022
831,831,353-93-2654,Sybille,Danton,13/02/2023
832,832,621-64-0619,Lilla,Harfleet,10/11/2022
833,833,248-41-9292,Adrianna,Thirlwell,21/03/2022
834,834,396-62-3726,Kylen,Nuss,19/11/2022
835,835,105-47-4451,Jo-ann,Gittis,20/07/2022
836,836,679-37-2480,Letti,Hillburn,08/02/2023
837,837,424-35-6951,Phillida,Fryer,17/05/2022
838,838,296-36-9969,Deny,Ramelet,06/01/2023
839,839,331-50-6183,Mommy,Domengue,10/01/2023
840,840,738-19-4531,Leigh,Portinari,06/06/2022
841,841,141-44-9344,Libbie,Loughman,22/06/2022
842,842,201-59-3321,Catarina,Sylvester,04/01/2023
843,843,192-24-6689,Ailina,Kegley,01/10/2022
844,844,188-60-9710,Jaine,Migheli,04/07/2022
845,845,697-30-5981,Ronda,Hemphall,16/02/2023
846,846,488-66-0132,Sarajane,Greenham,29/08/2022
847,847,746-19-0077,Sheryl,Gashion,27/10/2022
848,848,181-61-0996,Carlene,Aldersley,25/08/2022
849,849,477-09-1177,Vally,Hartil,04/07/2022
850,850,230-42-5262,Tamar,Eberlein,04/05/2022
851,851,246-42-0539,Legra,Nesbitt,31/05/2022
852,852,704-93-7255,Bab,Shovelin,01/12/2022
853,853,308-86-8440,Maribelle,Danilovich,01/01/2023
854,854,645-58-7125,Martina,Heineken,30/12/2022
855,855,570-84-5999,Celinka,Toyer,29/06/2022
856,856,720-72-8246,Sybil,Mulbery,01/05/2022
857,857,754-70-7989,Dehlia,Stillgoe,23/09/2022
858,858,655-66-7012,Ania,Pyrah,27/06/2022
859,859,639-91-2798,Junie,Yuryaev,24/10/2022
860,860,821-41-6923,Carlye,Domino,22/07/2022
861,861,748-81-5826,Cindy,O'Garmen,13/02/2023
862,862,416-47-6899,Karina,Matonin,19/08/2022
863,863,408-46-8724,Cindie,Sandham,28/02/2022
864,864,445-29-4950,Wallis,Packington,28/02/2022
865,865,436-64-7042,Geraldine,Hudel,24/04/2022
866,866,652-84-2447,Lyn,Sprigin,10/10/2022
867,867,394-50-2586,Hyacinthe,Jeaves,17/12/2022
868,868,495-94-0716,Billy,Dabernott,24/02/2023
869,869,275-51-9922,Vin,Peterkin,20/12/2022
870,870,147-13-6534,Fey,Coping,23/06/2022
871,871,476-48-7431,Loleta,Doucette,17/06/2022
872,872,606-76-4976,Louella,Egentan,10/09/2022
873,873,565-02-7495,Averyl,Kynvin,05/12/2022
874,874,141-76-8398,Antoinette,Knighton,03/01/2023
875,875,619-51-8968,Saloma,Hanniger,02/06/2022
876,876,600-30-8400,Harri,Deluce,08/11/2022
877,877,331-71-7519,Laurie,Knatt,03/06/2022
878,878,854-74-5120,Kerstin,Muat,28/06/2022
879,879,668-64-4703,Leandra,Van der Spohr,01/01/2023
880,880,135-91-9418,Ray,De la Zenne,28/08/2022
881,881,398-56-3588,Denny,Clandillon,14/09/2022
882,882,244-51-3870,Shelagh,Tudor,23/02/2023
883,883,428-27-8039,Hanny,Mokes,27/02/2022
884,884,526-73-7114,Karoline,Larose,07/06/2022
885,885,775-08-6037,Cati,Minto,14/12/2022
886,886,749-21-1764,Di,Jelleman,18/12/2022
887,887,162-52-6273,Ame,Silverston,21/03/2022
888,888,592-87-2882,Kayla,Sollett,16/09/2022
889,889,696-13-6029,Simonette,Growcott,17/12/2022
890,890,313-87-2336,Alta,Tackle,06/01/2023
891,891,292-84-4963,Jacquelynn,Loughlan,18/02/2023
892,892,885-86-5215,Imogen,Anan,14/08/2022
893,893,363-65-1741,Gabriel,Haysman,23/04/2022
894,894,164-94-3924,Izabel,Fullicks,03/01/2023
895,895,758-17-6707,Crin,Ching,15/03/2022
896,896,278-65-6000,Darsey,Ioannou,04/04/2022
897,897,225-24-4741,Cecil,Szwarc,01/03/2022
898,898,172-73-7090,Maureen,Mathan,16/01/2023
899,899,632-63-0951,Anabal,MacArthur,23/11/2022
900,900,338-15-6067,Clarice,Gainseford,28/07/2022
901,901,450-26-2876,Janeta,Cake,20/12/2022
902,902,862-18-8058,Ivie,Tapson,26/11/2022
903,903,793-04-3946,Jobina,Brenneke,12/03/2022
904,904,355-63-1434,Elva,Meert,13/04/2022
905,905,564-65-7772,Julienne,Petracci,15/06/2022
906,906,548-14-9531,Cammy,Drakes,30/11/2022
907,907,420-93-2815,Pearle,Lamberto,08/07/2022
908,908,450-03-3082,Janene,Ismirnioglou,07/01/2023
909,909,187-04-8540,Alyda,Wheelhouse,04/09/2022
910,910,279-08-7695,Elyssa,Zaple,14/07/2022
911,911,363-41-0970,Zita,Stonebridge,11/07/2022
912,912,656-65-6243,Allx,Kleinholz,26/06/2022
913,913,171-19-4842,Rheba,Ivanikhin,24/01/2023
914,914,772-57-9902,Gisela,Seale,24/05/2022
915,915,776-76-7315,Carissa,Cutchey,08/11/2022
916,916,425-79-4518,Eunice,Cope,21/07/2022
917,917,540-84-0196,Bernadene,Shillito,05/02/2023
918,918,766-69-0646,Faye,Danzey,16/08/2022
919,919,857-95-6328,Cathrin,Lissandri,30/08/2022
920,920,211-89-7996,Yevette,Pittford,07/10/2022
921,921,267-47-3650,Alisun,Tompkinson,17/11/2022
922,922,683-24-7906,Nichol,Jeger,13/05/2022
923,923,258-02-6525,Annabal,Sandcraft,02/05/2022
924,924,324-26-1435,Alys,Crudge,12/03/2022
925,925,489-36-0412,Hildy,Tooker,21/01/2023
926,926,678-39-7368,Koralle,Gosling,20/06/2022
927,927,555-23-3841,Claudelle,Ingle,29/09/2022
928,928,422-35-7459,Verna,Kynder,01/04/2022
929,929,602-65-9258,Karon,Akram,24/07/2022
930,930,703-46-2376,Tracey,Franklen,19/09/2022
931,931,858-74-3829,Talyah,Jessopp,30/07/2022
932,932,246-40-6679,Chrystal,Vittle,01/09/2022
933,933,573-95-6926,Jelene,Purkiss,19/11/2022
934,934,630-24-3826,Alika,Sparke,26/06/2022
935,935,488-72-2642,Phylis,Outridge,31/01/2023
936,936,379-93-4236,Carlene,Doward,25/05/2022
937,937,469-78-8458,Clo,Sharphouse,03/07/2022
938,938,366-63-3918,Amalita,Reisk,13/06/2022
939,939,412-69-5964,Devinne,Goodbourn,25/10/2022
940,940,137-73-4450,Saudra,Sired,25/06/2022
941,941,221-31-0553,Leland,Nucator,14/09/2022
942,942,228-29-3347,Carolee,McDougal,19/05/2022
943,943,333-15-4167,Kala,Fasse,31/08/2022
944,944,151-04-9126,Celestyn,Aspall,14/03/2022
945,945,167-06-8831,Rickie,Pleven,27/01/2023
946,946,365-06-7632,Hermine,Guerreru,30/04/2022
947,947,688-64-9363,Pamela,Dimmer,02/04/2022
948,948,586-73-9643,Nady,Fantone,26/10/2022
949,949,785-90-7617,Cloe,Syms,18/05/2022
950,950,652-26-2138,Rubi,Wintle,24/04/2022
951,951,339-76-4259,Evy,Hollibone,26/02/2022
952,952,200-33-2700,Yoko,Ballach,20/10/2022
953,953,736-69-0403,Saloma,Klagge,31/07/2022
954,954,466-36-3917,Andy,Vondrasek,08/09/2022
955,955,830-36-7963,Vicky,Konmann,14/02/2023
956,956,430-88-0764,Briney,Stockton,19/08/2022
957,957,515-28-8593,Costanza,O'Heaney,23/07/2022
958,958,890-10-2226,Janeen,Pywell,24/01/2023
959,959,129-11-7082,Lebbie,Roocroft,10/09/2022
960,960,843-58-1073,Jaquenetta,Gaukrodge,05/01/2023
961,961,724-82-0457,Shanie,Waterfall,25/08/2022
962,962,495-70-3009,Crin,McAlees,19/04/2022
963,963,839-64-9512,Corrie,Gemlbett,08/11/2022
964,964,311-79-7384,Aurelia,Lockley,03/05/2022
965,965,298-68-9237,Jorrie,Killiam,30/08/2022
966,966,257-74-3184,Damara,Pozzi,15/07/2022
967,967,826-91-4309,Amity,Puddifer,10/06/2022
968,968,396-36-4010,Xaviera,Leakner,09/01/2023
969,969,799-52-3735,Donica,Thomesson,13/03/2022
970,970,507-94-7943,Ethel,Weal,05/04/2022
971,971,454-57-1322,Joella,Huckabe,23/07/2022
972,972,782-85-3769,Saloma,Wessing,11/12/2022
973,973,766-92-5504,Charmaine,Dunderdale,01/07/2022
974,974,274-44-6726,Naomi,Brettel,17/12/2022
975,975,514-47-0183,Matilde,Kampshell,16/08/2022
976,976,326-93-3333,Ddene,Blazynski,09/12/2022
977,977,329-87-5468,Rodina,Petrushkevich,06/05/2022
978,978,102-23-4357,Tiffani,Oxby,14/04/2022
979,979,464-64-3921,Guinna,Seson,26/09/2022
980,980,411-18-6157,Suzy,Strase,04/06/2022
981,981,190-78-3548,Bobbi,Dade,18/01/2023
982,982,856-65-4113,Kelcey,Giggs,05/09/2022
983,983,737-31-6638,Gayleen,Leinweber,02/07/2022
984,984,726-49-1116,Katleen,Ginni,17/03/2022
985,985,262-61-8792,Ivett,Moogan,26/10/2022
986,986,362-44-1571,Bessy,Van der Velden,02/01/2023
987,987,502-16-9389,Dacy,Truran,30/05/2022
988,988,840-12-3153,Stacy,Akroyd,31/03/2022
989,989,601-29-7066,Basia,Holdworth,21/04/2022
990,990,402-85-2617,Julianne,Ritzman,07/04/2022
991,991,763-80-8069,Jacquie,Fairholme,20/07/2022
992,992,560-79-6078,Phedra,Liverseege,08/09/2022
993,993,561-74-0208,Natasha,Buxcy,23/07/2022
994,994,754-91-2957,Ulrica,Wiltshire,21/06/2022
995,995,676-16-1264,Cindi,Padgett,27/10/2022
996,996,586-82-1299,Hilliary,Whiffin,13/03/2022
997,997,614-14-1000,Gabriell,Quare,13/10/2022
998,998,351-97-3018,Nessy,Pollen,08/11/2022
999,999,837-59-2563,Petronella,Rosengart,31/08/2022
1000,1000,483-68-7337,Marge,Banister,19/03/2022
